ar_name,en_name,description,method,frequency,dosagerange,affectiontime,affectionperiod,nutrition,storage,forgotenmeal,medecinestop,excessdosing,pregnancy,breastfeed,children,olds,driving,surgery,sideeffects,commercialnames
تيوفيلين,Theophylline,"تيوفيلين (Theophylline) دواء موسع للشعب الهوائية من فئة الماتيلكسانات (methylxanthine), يستخدم لمعالجة الربو. التيوفيلين يخفف من ضيق التنفس والصفير الذين يميزان هذا المرض (الربو). كذلك، يستعمل لمعالجة ضيق التنفس الذي يصاحب الالتهاب المزمن في الشعب الهوائية (التهاب القصبات - Bronchitis) وانتفاخ الرئة (Emphysema). والتيوفيلين يستخدم منذ ما يزيد عن 60 عاما، إلا أن شعبيته أخذت في الانحسار في الآونة الأخيرة فقط. ينبغي رصد المعالجة بهذا الدواء بعناية. وتبين نتائج الأبحاث التي أجريت في السنوات الأخيرة إنه لا تأثير للتيوفيلين، إطلاقا، على مسار المرض للمدى البعيد, وخلافا للستيروئيدات (Steroids)، أو كروموغليكات الصوديوم (Sodium Cromoglycate), فإن التيوفيلين لا يمنع الموت المتأخر الناجم عن الربو. وهذا هما السببان الأساسيان وراء تراجع استخدام هذا الدواء في الوقت الراهن. ",أقراص، كبسولات، أقراص وكبسولات للإطلاق المستديم، شراب، تسريب. ,"أقراص, شراب: 6 - 8 ساعات.
أقراص وكبسولات للإطلاق المستديم: كل 12 أو 24 ساعة. "," للبالغين: 400 - 600 ملغ في اليوم.
للأطفال: 16 ملغ في اليوم, لكن ليس أكثر من 400 ملغ في اليوم. ","أقراص وكبسولات عادية: في غضون 30 دقيقة.
أقراص وكبسولات للإطلاق المستديم: في غضون 90 دقيقة. ",أقراص وكبسولات عادية: 8 ساعات. أقراص وكبسولات للإطلاق المستديم: 12 - 24 ساعة. ,ينبغي تفادي الأغذية المطهية على الفحم والتغييرات المفاجئة في عادات التغذية. ,يحفظ في علبة مغلقة في مكان بارد وجاف، بعيدا عن متناول أيدي الأطفال. ,"ينبغي تناولها فورا عند التذكر. إذا كان موعد الوجبة التالية يحين خلال ساعتين, يجب تناول نصف وجبة في الحال (أقراص وكبسولات عادية) أو تجاوز الوجبة المنسية وتناول الوجبة التالية في الحال (أقراص وكبسولات للإطلاق المستديم)، ثم الاستمرار في تناول الوجبات التالية كالمعتاد. ","يمنع التوقف عن تناول الدواء دون استشارة الطبيب, لأن الأعراض قد تعاود الظهور مجددا. ","ينبغي التوجه إلى غرفة الطوارئ فورا. يلزم اتخاذ إجراءات طارئة في حالة حصول بلبلة, ألم في الصدر أو فقدان الوعي. ","لم تثبت مأمونية تناول الدواء خلال فترة الحمل. في التجارب التي أجريت على الحيوانات، ولدى إعطائها جرعات أكبر من المتبع إعطائها لبني البشر، لوحظ حصول ضرر للأجنة.
يتوقع حصول ارتفاع في مستويات التيوفيلين في الدم خلال الأثلوث الثالث من الحمل. يمكن تناول هذا الدواء عند الضرورة. ينبغي استشارة الطبيب. (C) ",الدواء ينتقل الى حليب الام ومن الممكن ان يؤثر على الطفل. يجب استشاره الطبيب. ,يجب تقليل وملائمة الجرعه حسب الجيل والوزن. ,احتمال كبير لظهور آثار جانبيه. من المحتمل ان تكون هنالك حاجه لتقليل الجرعه المعطاه. ,لا توجد مشاكل معروفه. ,يجب ابلاغ الطبيب الجراح او الطبيب المخدر عن استعمال هذا الدواء. ,"إثارة
شيوع التاثير: دارج
ابلاغ الطبيب: في كل حالة
صداع
شيوع التاثير: دارج
ابلاغ الطبيب: في كل حالة
غثيان
شيوع التاثير: دارج
ابلاغ الطبيب: في الحالات الحادة
قيء
شيوع التاثير: دارج
ابلاغ الطبيب: في الحالات الحادة
إسهال
شيوع التاثير: نادر
ابلاغ الطبيب: في الحالات الحادة
أرق
شيوع التاثير: نادر
ابلاغ الطبيب: في الحالات الحادة
دقات القلب
شيوع التاثير: نادر
ابلاغ الطبيب: في كل حالة
التوقف عن تناول الدواء
التوجه للمستشفى إثارة
شيوع التاثير: دارج
ابلاغ الطبيب: في كل حالة
صداع
شيوع التاثير: دارج
ابلاغ الطبيب: في كل حالة
غثيان
شيوع التاثير: دارج
ابلاغ الطبيب: في الحالات الحادة
قيء
شيوع التاثير: دارج
ابلاغ الطبيب: في الحالات الحادة
إسهال
شيوع التاثير: نادر
ابلاغ الطبيب: في الحالات الحادة
أرق
شيوع التاثير: نادر
ابلاغ الطبيب: في الحالات الحادة
دقات القلب
شيوع التاثير: نادر
ابلاغ الطبيب: في كل حالة
التوقف عن تناول الدواء
التوجه للمستشفى ","['برونيكم', 'الكسير', 'يوفيلين', 'يوفيلين', '-', 'ثيوفار', 'ثيوفار', 'انستينون', 'ثيوبيد', 'ثيودور', '-', 'افولين', '-']"
تيوفيلين,Theophylline,"تيوفيلين (Theophylline) دواء موسع للشعب الهوائية من فئة الماتيلكسانات (methylxanthine), يستخدم لمعالجة الربو. التيوفيلين يخفف من ضيق التنفس والصفير الذين يميزان هذا المرض (الربو). كذلك، يستعمل لمعالجة ضيق التنفس الذي يصاحب الالتهاب المزمن في الشعب الهوائية (التهاب القصبات - Bronchitis) وانتفاخ الرئة (Emphysema). والتيوفيلين يستخدم منذ ما يزيد عن 60 عاما، إلا أن شعبيته أخذت في الانحسار في الآونة الأخيرة فقط. ينبغي رصد المعالجة بهذا الدواء بعناية. وتبين نتائج الأبحاث التي أجريت في السنوات الأخيرة إنه لا تأثير للتيوفيلين، إطلاقا، على مسار المرض للمدى البعيد, وخلافا للستيروئيدات (Steroids)، أو كروموغليكات الصوديوم (Sodium Cromoglycate), فإن التيوفيلين لا يمنع الموت المتأخر الناجم عن الربو. وهذا هما السببان الأساسيان وراء تراجع استخدام هذا الدواء في الوقت الراهن. ",أقراص، كبسولات، أقراص وكبسولات للإطلاق المستديم، شراب، تسريب. ,"أقراص, شراب: 6 - 8 ساعات.
أقراص وكبسولات للإطلاق المستديم: كل 12 أو 24 ساعة. "," للبالغين: 400 - 600 ملغ في اليوم.
للأطفال: 16 ملغ في اليوم, لكن ليس أكثر من 400 ملغ في اليوم. ","أقراص وكبسولات عادية: في غضون 30 دقيقة.
أقراص وكبسولات للإطلاق المستديم: في غضون 90 دقيقة. ",أقراص وكبسولات عادية: 8 ساعات. أقراص وكبسولات للإطلاق المستديم: 12 - 24 ساعة. ,ينبغي تفادي الأغذية المطهية على الفحم والتغييرات المفاجئة في عادات التغذية. ,يحفظ في علبة مغلقة في مكان بارد وجاف، بعيدا عن متناول أيدي الأطفال. ,"ينبغي تناولها فورا عند التذكر. إذا كان موعد الوجبة التالية يحين خلال ساعتين, يجب تناول نصف وجبة في الحال (أقراص وكبسولات عادية) أو تجاوز الوجبة المنسية وتناول الوجبة التالية في الحال (أقراص وكبسولات للإطلاق المستديم)، ثم الاستمرار في تناول الوجبات التالية كالمعتاد. ","يمنع التوقف عن تناول الدواء دون استشارة الطبيب, لأن الأعراض قد تعاود الظهور مجددا. ","ينبغي التوجه إلى غرفة الطوارئ فورا. يلزم اتخاذ إجراءات طارئة في حالة حصول بلبلة, ألم في الصدر أو فقدان الوعي. ","لم تثبت مأمونية تناول الدواء خلال فترة الحمل. في التجارب التي أجريت على الحيوانات، ولدى إعطائها جرعات أكبر من المتبع إعطائها لبني البشر، لوحظ حصول ضرر للأجنة.
يتوقع حصول ارتفاع في مستويات التيوفيلين في الدم خلال الأثلوث الثالث من الحمل. يمكن تناول هذا الدواء عند الضرورة. ينبغي استشارة الطبيب. (C) ",الدواء ينتقل الى حليب الام ومن الممكن ان يؤثر على الطفل. يجب استشاره الطبيب. ,يجب تقليل وملائمة الجرعه حسب الجيل والوزن. ,احتمال كبير لظهور آثار جانبيه. من المحتمل ان تكون هنالك حاجه لتقليل الجرعه المعطاه. ,لا توجد مشاكل معروفه. ,يجب ابلاغ الطبيب الجراح او الطبيب المخدر عن استعمال هذا الدواء. ,"إثارة
شيوع التاثير: دارج
ابلاغ الطبيب: في كل حالة
صداع
شيوع التاثير: دارج
ابلاغ الطبيب: في كل حالة
غثيان
شيوع التاثير: دارج
ابلاغ الطبيب: في الحالات الحادة
قيء
شيوع التاثير: دارج
ابلاغ الطبيب: في الحالات الحادة
إسهال
شيوع التاثير: نادر
ابلاغ الطبيب: في الحالات الحادة
أرق
شيوع التاثير: نادر
ابلاغ الطبيب: في الحالات الحادة
دقات القلب
شيوع التاثير: نادر
ابلاغ الطبيب: في كل حالة
التوقف عن تناول الدواء
التوجه للمستشفى إثارة
شيوع التاثير: دارج
ابلاغ الطبيب: في كل حالة
صداع
شيوع التاثير: دارج
ابلاغ الطبيب: في كل حالة
غثيان
شيوع التاثير: دارج
ابلاغ الطبيب: في الحالات الحادة
قيء
شيوع التاثير: دارج
ابلاغ الطبيب: في الحالات الحادة
إسهال
شيوع التاثير: نادر
ابلاغ الطبيب: في الحالات الحادة
أرق
شيوع التاثير: نادر
ابلاغ الطبيب: في الحالات الحادة
دقات القلب
شيوع التاثير: نادر
ابلاغ الطبيب: في كل حالة
التوقف عن تناول الدواء
التوجه للمستشفى ","['برونيكم', 'الكسير', 'يوفيلين', 'يوفيلين', '-', 'ثيوفار', 'ثيوفار', 'انستينون', 'ثيوبيد', 'ثيودور', '-', 'افولين', '-']"
تيوفيلين,Theophylline,"تيوفيلين (Theophylline) دواء موسع للشعب الهوائية من فئة الماتيلكسانات (methylxanthine), يستخدم لمعالجة الربو. التيوفيلين يخفف من ضيق التنفس والصفير الذين يميزان هذا المرض (الربو). كذلك، يستعمل لمعالجة ضيق التنفس الذي يصاحب الالتهاب المزمن في الشعب الهوائية (التهاب القصبات - Bronchitis) وانتفاخ الرئة (Emphysema). والتيوفيلين يستخدم منذ ما يزيد عن 60 عاما، إلا أن شعبيته أخذت في الانحسار في الآونة الأخيرة فقط. ينبغي رصد المعالجة بهذا الدواء بعناية. وتبين نتائج الأبحاث التي أجريت في السنوات الأخيرة إنه لا تأثير للتيوفيلين، إطلاقا، على مسار المرض للمدى البعيد, وخلافا للستيروئيدات (Steroids)، أو كروموغليكات الصوديوم (Sodium Cromoglycate), فإن التيوفيلين لا يمنع الموت المتأخر الناجم عن الربو. وهذا هما السببان الأساسيان وراء تراجع استخدام هذا الدواء في الوقت الراهن. ",أقراص، كبسولات، أقراص وكبسولات للإطلاق المستديم، شراب، تسريب. ,"أقراص, شراب: 6 - 8 ساعات.
أقراص وكبسولات للإطلاق المستديم: كل 12 أو 24 ساعة. "," للبالغين: 400 - 600 ملغ في اليوم.
للأطفال: 16 ملغ في اليوم, لكن ليس أكثر من 400 ملغ في اليوم. ","أقراص وكبسولات عادية: في غضون 30 دقيقة.
أقراص وكبسولات للإطلاق المستديم: في غضون 90 دقيقة. ",أقراص وكبسولات عادية: 8 ساعات. أقراص وكبسولات للإطلاق المستديم: 12 - 24 ساعة. ,ينبغي تفادي الأغذية المطهية على الفحم والتغييرات المفاجئة في عادات التغذية. ,يحفظ في علبة مغلقة في مكان بارد وجاف، بعيدا عن متناول أيدي الأطفال. ,"ينبغي تناولها فورا عند التذكر. إذا كان موعد الوجبة التالية يحين خلال ساعتين, يجب تناول نصف وجبة في الحال (أقراص وكبسولات عادية) أو تجاوز الوجبة المنسية وتناول الوجبة التالية في الحال (أقراص وكبسولات للإطلاق المستديم)، ثم الاستمرار في تناول الوجبات التالية كالمعتاد. ","يمنع التوقف عن تناول الدواء دون استشارة الطبيب, لأن الأعراض قد تعاود الظهور مجددا. ","ينبغي التوجه إلى غرفة الطوارئ فورا. يلزم اتخاذ إجراءات طارئة في حالة حصول بلبلة, ألم في الصدر أو فقدان الوعي. ","لم تثبت مأمونية تناول الدواء خلال فترة الحمل. في التجارب التي أجريت على الحيوانات، ولدى إعطائها جرعات أكبر من المتبع إعطائها لبني البشر، لوحظ حصول ضرر للأجنة.
يتوقع حصول ارتفاع في مستويات التيوفيلين في الدم خلال الأثلوث الثالث من الحمل. يمكن تناول هذا الدواء عند الضرورة. ينبغي استشارة الطبيب. (C) ",الدواء ينتقل الى حليب الام ومن الممكن ان يؤثر على الطفل. يجب استشاره الطبيب. ,يجب تقليل وملائمة الجرعه حسب الجيل والوزن. ,احتمال كبير لظهور آثار جانبيه. من المحتمل ان تكون هنالك حاجه لتقليل الجرعه المعطاه. ,لا توجد مشاكل معروفه. ,يجب ابلاغ الطبيب الجراح او الطبيب المخدر عن استعمال هذا الدواء. ,"إثارة
شيوع التاثير: دارج
ابلاغ الطبيب: في كل حالة
صداع
شيوع التاثير: دارج
ابلاغ الطبيب: في كل حالة
غثيان
شيوع التاثير: دارج
ابلاغ الطبيب: في الحالات الحادة
قيء
شيوع التاثير: دارج
ابلاغ الطبيب: في الحالات الحادة
إسهال
شيوع التاثير: نادر
ابلاغ الطبيب: في الحالات الحادة
أرق
شيوع التاثير: نادر
ابلاغ الطبيب: في الحالات الحادة
دقات القلب
شيوع التاثير: نادر
ابلاغ الطبيب: في كل حالة
التوقف عن تناول الدواء
التوجه للمستشفى إثارة
شيوع التاثير: دارج
ابلاغ الطبيب: في كل حالة
صداع
شيوع التاثير: دارج
ابلاغ الطبيب: في كل حالة
غثيان
شيوع التاثير: دارج
ابلاغ الطبيب: في الحالات الحادة
قيء
شيوع التاثير: دارج
ابلاغ الطبيب: في الحالات الحادة
إسهال
شيوع التاثير: نادر
ابلاغ الطبيب: في الحالات الحادة
أرق
شيوع التاثير: نادر
ابلاغ الطبيب: في الحالات الحادة
دقات القلب
شيوع التاثير: نادر
ابلاغ الطبيب: في كل حالة
التوقف عن تناول الدواء
التوجه للمستشفى ","['برونيكم', 'الكسير', 'يوفيلين', 'يوفيلين', '-', 'ثيوفار', 'ثيوفار', 'انستينون', 'ثيوبيد', 'ثيودور', '-', 'افولين', '-']"
تيوفيلين,Theophylline,"تيوفيلين (Theophylline) دواء موسع للشعب الهوائية من فئة الماتيلكسانات (methylxanthine), يستخدم لمعالجة الربو. التيوفيلين يخفف من ضيق التنفس والصفير الذين يميزان هذا المرض (الربو). كذلك، يستعمل لمعالجة ضيق التنفس الذي يصاحب الالتهاب المزمن في الشعب الهوائية (التهاب القصبات - Bronchitis) وانتفاخ الرئة (Emphysema). والتيوفيلين يستخدم منذ ما يزيد عن 60 عاما، إلا أن شعبيته أخذت في الانحسار في الآونة الأخيرة فقط. ينبغي رصد المعالجة بهذا الدواء بعناية. وتبين نتائج الأبحاث التي أجريت في السنوات الأخيرة إنه لا تأثير للتيوفيلين، إطلاقا، على مسار المرض للمدى البعيد, وخلافا للستيروئيدات (Steroids)، أو كروموغليكات الصوديوم (Sodium Cromoglycate), فإن التيوفيلين لا يمنع الموت المتأخر الناجم عن الربو. وهذا هما السببان الأساسيان وراء تراجع استخدام هذا الدواء في الوقت الراهن. ",أقراص، كبسولات، أقراص وكبسولات للإطلاق المستديم، شراب، تسريب. ,"أقراص, شراب: 6 - 8 ساعات.
أقراص وكبسولات للإطلاق المستديم: كل 12 أو 24 ساعة. "," للبالغين: 400 - 600 ملغ في اليوم.
للأطفال: 16 ملغ في اليوم, لكن ليس أكثر من 400 ملغ في اليوم. ","أقراص وكبسولات عادية: في غضون 30 دقيقة.
أقراص وكبسولات للإطلاق المستديم: في غضون 90 دقيقة. ",أقراص وكبسولات عادية: 8 ساعات. أقراص وكبسولات للإطلاق المستديم: 12 - 24 ساعة. ,ينبغي تفادي الأغذية المطهية على الفحم والتغييرات المفاجئة في عادات التغذية. ,يحفظ في علبة مغلقة في مكان بارد وجاف، بعيدا عن متناول أيدي الأطفال. ,"ينبغي تناولها فورا عند التذكر. إذا كان موعد الوجبة التالية يحين خلال ساعتين, يجب تناول نصف وجبة في الحال (أقراص وكبسولات عادية) أو تجاوز الوجبة المنسية وتناول الوجبة التالية في الحال (أقراص وكبسولات للإطلاق المستديم)، ثم الاستمرار في تناول الوجبات التالية كالمعتاد. ","يمنع التوقف عن تناول الدواء دون استشارة الطبيب, لأن الأعراض قد تعاود الظهور مجددا. ","ينبغي التوجه إلى غرفة الطوارئ فورا. يلزم اتخاذ إجراءات طارئة في حالة حصول بلبلة, ألم في الصدر أو فقدان الوعي. ","لم تثبت مأمونية تناول الدواء خلال فترة الحمل. في التجارب التي أجريت على الحيوانات، ولدى إعطائها جرعات أكبر من المتبع إعطائها لبني البشر، لوحظ حصول ضرر للأجنة.
يتوقع حصول ارتفاع في مستويات التيوفيلين في الدم خلال الأثلوث الثالث من الحمل. يمكن تناول هذا الدواء عند الضرورة. ينبغي استشارة الطبيب. (C) ",الدواء ينتقل الى حليب الام ومن الممكن ان يؤثر على الطفل. يجب استشاره الطبيب. ,يجب تقليل وملائمة الجرعه حسب الجيل والوزن. ,احتمال كبير لظهور آثار جانبيه. من المحتمل ان تكون هنالك حاجه لتقليل الجرعه المعطاه. ,لا توجد مشاكل معروفه. ,يجب ابلاغ الطبيب الجراح او الطبيب المخدر عن استعمال هذا الدواء. ,"إثارة
شيوع التاثير: دارج
ابلاغ الطبيب: في كل حالة
صداع
شيوع التاثير: دارج
ابلاغ الطبيب: في كل حالة
غثيان
شيوع التاثير: دارج
ابلاغ الطبيب: في الحالات الحادة
قيء
شيوع التاثير: دارج
ابلاغ الطبيب: في الحالات الحادة
إسهال
شيوع التاثير: نادر
ابلاغ الطبيب: في الحالات الحادة
أرق
شيوع التاثير: نادر
ابلاغ الطبيب: في الحالات الحادة
دقات القلب
شيوع التاثير: نادر
ابلاغ الطبيب: في كل حالة
التوقف عن تناول الدواء
التوجه للمستشفى إثارة
شيوع التاثير: دارج
ابلاغ الطبيب: في كل حالة
صداع
شيوع التاثير: دارج
ابلاغ الطبيب: في كل حالة
غثيان
شيوع التاثير: دارج
ابلاغ الطبيب: في الحالات الحادة
قيء
شيوع التاثير: دارج
ابلاغ الطبيب: في الحالات الحادة
إسهال
شيوع التاثير: نادر
ابلاغ الطبيب: في الحالات الحادة
أرق
شيوع التاثير: نادر
ابلاغ الطبيب: في الحالات الحادة
دقات القلب
شيوع التاثير: نادر
ابلاغ الطبيب: في كل حالة
التوقف عن تناول الدواء
التوجه للمستشفى ","['برونيكم', 'الكسير', 'يوفيلين', 'يوفيلين', '-', 'ثيوفار', 'ثيوفار', 'انستينون', 'ثيوبيد', 'ثيودور', '-', 'افولين', '-']"
ثاليدوميد,Thalidomide,إن ثاليدومايد (Thalidomide) هو دواء تم تسويقه على أنه منوم، في فترة الخمسينات والستينات من القرن الماضي. يساعد هذا الدواء على علاج الغثيان الصباحي لدى النساء الحوامل، ولكن استعماله أدى لولادة آلاف الأطفال بأطراف متضررة، لذا تم إخراجه من الاستعمال لسنوات طويلة. لكن في السنوات الأخيرة أُعِيد استعمال هذا الدواء، مع المصادقة على استعماله بالدمج مع تركيز مرتفع من الديكساميثازون (Dexamethasone) لعلاج الورم النِّقْوي المتعدد (Multiple Myeloma)، من بعد فشل العلاج المثالي، ويتم استعماله لعلاج الأعراض الجلدية لمرض الحُمامَى العِقْدِيَّة (Erythema Nodosum Leprosum) بدرجاتها المتوسطة والشديدة. تنبع فعالية هذا الدواء في علاج ورم النخاع المتعدد، لكون الدواء دواء مناعيًّا (Immunomodulatory)، أي مؤثر على ردة الفعل المناعية للجسم، كما أنه يقلل من عملية تَوَلُّد الأوعية الدموية الجديدة (Angiogenesis) التي تغذي الخلايا السرطانية. إلا أن للتاليدوميد تأثيرًا ماسخًا (Teratogenic) على الحمل، لذا يُحْظر استعماله أثناء فترة الحمل والرضاعة. إضافة إلى ذلك،على النساء اللواتي يستعملن هذا الدواء أن يستعملن وسيلتين لمنع الحمل، أثناء فترة العلاج وقبل شهر وبعد شهر من بدء ونهاية العلاج. تشمل الآثار الجانبية لهذا الدواء الاعتلال العصبي (Neuropathy) والذي يظهر على شكل تنميل، شعور بالحَرَقان في أطراف اليدين والقدمين والخَدَر. كما أن الدواء يسبب النعاس والتشوُّش، كذلك من شأنه أن يسبب الطفح الجلدي والتهيجات الحساسية، انخفاض ضغط الدم وانخفاض عدد الكريات البيضاء. ,كبسولات. ,مرة في اليوم على الأقل ساعة من بعد الطعام، من المفضل في ساعات المساء. ,"لعلاج ورم النخاع المتعدد Multiple myeloma) :200) ملغم في اليوم.
لعلاج الحُمامَي العِقْدِيَّة Erythema Nodosum leprosum) :100 - 400) ملغم في اليوم ",غير معروفة ,5 - 7 ساعات. ,يجب تناول الدواء على الأقل ساعة من بعد الأكل. ,,إذا حصل نسيان تناول الدواء يجب تناوله فورًا عند التذكر، إلا إذا اقترب موعد الجرعة التالية، حينها يجب ترك الجرعة المنسية واستئناف العلاج  كالمعتاد، لا يجوز تناول جرعة مضاعفة. ,"يُمْنَعُ التوقف عن تناول الدواء دون مراجعة الطبيب، ماعدا في الحالات التالية:
أعراض تكَوُّن تجلُّط دموي: ضيق النفس، آلام الصدر، تورم الذراعين والقدمين.
أعراض الاعتلال العصبي: تنميل، شعور بحَرَقان أطراف اليدين والقدمين والخَدَر. ",لا تتوفر تقارير عن حالات خطر بالغ إثر تناول جرعة مفرطة. ,إن هذا الدواء خطير جدًّا على حياة الجنين، لذا يُمْنَعُ تناول هذا الدواء أثناء فترة الحمل أو قبل الحمل. (X). ,لا يعطى. الدواء ينتقل الى حليب الام ومن المحتمل ان يؤثر على الطفل. من المفضل عدم تناول الدواء او عدم الارضاع. ,لا ينصح باستعماله لدى الاطفال تحت جيل 12 سنه. ,احتمال كبير لظهور آثار جانبيه. من المحتمل ان تكون هنالك حاجه لتقليل الجرعه المعطاه. ,يجب الامتناع عن السياقه حتى تتضح ماهية تأثير الدواء، حيث من الممكن ان يسبب ضبابية (طمس). ,يجب ابلاغ الطبيب الجراح او الطبيب المخدر عن استعمال هذا الدواء. ,"ضعف
شيوع التاثير: دارج
ابلاغ الطبيب: في الحالات الحادة
صداع
شيوع التاثير: دارج
ابلاغ الطبيب: في الحالات الحادة
غفو
شيوع التاثير: دارج
ابلاغ الطبيب: في الحالات الحادة
الإمساك
شيوع التاثير: دارج
ابلاغ الطبيب: في الحالات الحادة
غثيان
شيوع التاثير: دارج
ابلاغ الطبيب: في الحالات الحادة
قلق
شيوع التاثير: دارج
ابلاغ الطبيب: في الحالات الحادة
ألم في الصدر
شيوع التاثير: نادر
ابلاغ الطبيب: في كل حالة
جفاف الجلد
شيوع التاثير: دارج
ابلاغ الطبيب: في الحالات الحادة
اعراض مشابهه بالانفلونزا (الحمى والسعال والقشعريرة وآلام)
شيوع التاثير: نادر
ابلاغ الطبيب: في كل حالة
الدم في البول
شيوع التاثير: نادر
ابلاغ الطبيب: في كل حالة
عدم انتظام نبضات القلب
شيوع التاثير: نادر
ابلاغ الطبيب: في كل حالة
هبوط ضغط الدم
شيوع التاثير: نادر
ابلاغ الطبيب: في كل حالة
تجلط الدم
شيوع التاثير: نادر
ابلاغ الطبيب: في كل حالة
التوقف عن تناول الدواء
التوجه للمستشفى
تغيرات في تعداد الدم
شيوع التاثير: نادر
ابلاغ الطبيب: في كل حالة
التوقف عن تناول الدواء
وخز أو خدر في الأطراف
شيوع التاثير: نادر
ابلاغ الطبيب: في كل حالة
التوقف عن تناول الدواء
التوجه للمستشفى ضعف
شيوع التاثير: دارج
ابلاغ الطبيب: في الحالات الحادة
صداع
شيوع التاثير: دارج
ابلاغ الطبيب: في الحالات الحادة
غفو
شيوع التاثير: دارج
ابلاغ الطبيب: في الحالات الحادة
الإمساك
شيوع التاثير: دارج
ابلاغ الطبيب: في الحالات الحادة
غثيان
شيوع التاثير: دارج
ابلاغ الطبيب: في الحالات الحادة
قلق
شيوع التاثير: دارج
ابلاغ الطبيب: في الحالات الحادة
ألم في الصدر
شيوع التاثير: نادر
ابلاغ الطبيب: في كل حالة
جفاف الجلد
شيوع التاثير: دارج
ابلاغ الطبيب: في الحالات الحادة
اعراض مشابهه بالانفلونزا (الحمى والسعال والقشعريرة وآلام)
شيوع التاثير: نادر
ابلاغ الطبيب: في كل حالة
الدم في البول
شيوع التاثير: نادر
ابلاغ الطبيب: في كل حالة
عدم انتظام نبضات القلب
شيوع التاثير: نادر
ابلاغ الطبيب: في كل حالة
هبوط ضغط الدم
شيوع التاثير: نادر
ابلاغ الطبيب: في كل حالة
تجلط الدم
شيوع التاثير: نادر
ابلاغ الطبيب: في كل حالة
التوقف عن تناول الدواء
التوجه للمستشفى
تغيرات في تعداد الدم
شيوع التاثير: نادر
ابلاغ الطبيب: في كل حالة
التوقف عن تناول الدواء
وخز أو خدر في الأطراف
شيوع التاثير: نادر
ابلاغ الطبيب: في كل حالة
التوقف عن تناول الدواء
التوجه للمستشفى ",[]
ثاليدوميد,Thalidomide,إن ثاليدومايد (Thalidomide) هو دواء تم تسويقه على أنه منوم، في فترة الخمسينات والستينات من القرن الماضي. يساعد هذا الدواء على علاج الغثيان الصباحي لدى النساء الحوامل، ولكن استعماله أدى لولادة آلاف الأطفال بأطراف متضررة، لذا تم إخراجه من الاستعمال لسنوات طويلة. لكن في السنوات الأخيرة أُعِيد استعمال هذا الدواء، مع المصادقة على استعماله بالدمج مع تركيز مرتفع من الديكساميثازون (Dexamethasone) لعلاج الورم النِّقْوي المتعدد (Multiple Myeloma)، من بعد فشل العلاج المثالي، ويتم استعماله لعلاج الأعراض الجلدية لمرض الحُمامَى العِقْدِيَّة (Erythema Nodosum Leprosum) بدرجاتها المتوسطة والشديدة. تنبع فعالية هذا الدواء في علاج ورم النخاع المتعدد، لكون الدواء دواء مناعيًّا (Immunomodulatory)، أي مؤثر على ردة الفعل المناعية للجسم، كما أنه يقلل من عملية تَوَلُّد الأوعية الدموية الجديدة (Angiogenesis) التي تغذي الخلايا السرطانية. إلا أن للتاليدوميد تأثيرًا ماسخًا (Teratogenic) على الحمل، لذا يُحْظر استعماله أثناء فترة الحمل والرضاعة. إضافة إلى ذلك،على النساء اللواتي يستعملن هذا الدواء أن يستعملن وسيلتين لمنع الحمل، أثناء فترة العلاج وقبل شهر وبعد شهر من بدء ونهاية العلاج. تشمل الآثار الجانبية لهذا الدواء الاعتلال العصبي (Neuropathy) والذي يظهر على شكل تنميل، شعور بالحَرَقان في أطراف اليدين والقدمين والخَدَر. كما أن الدواء يسبب النعاس والتشوُّش، كذلك من شأنه أن يسبب الطفح الجلدي والتهيجات الحساسية، انخفاض ضغط الدم وانخفاض عدد الكريات البيضاء. ,كبسولات. ,مرة في اليوم على الأقل ساعة من بعد الطعام، من المفضل في ساعات المساء. ,"لعلاج ورم النخاع المتعدد Multiple myeloma) :200) ملغم في اليوم.
لعلاج الحُمامَي العِقْدِيَّة Erythema Nodosum leprosum) :100 - 400) ملغم في اليوم ",غير معروفة ,5 - 7 ساعات. ,يجب تناول الدواء على الأقل ساعة من بعد الأكل. ,,إذا حصل نسيان تناول الدواء يجب تناوله فورًا عند التذكر، إلا إذا اقترب موعد الجرعة التالية، حينها يجب ترك الجرعة المنسية واستئناف العلاج  كالمعتاد، لا يجوز تناول جرعة مضاعفة. ,"يُمْنَعُ التوقف عن تناول الدواء دون مراجعة الطبيب، ماعدا في الحالات التالية:
أعراض تكَوُّن تجلُّط دموي: ضيق النفس، آلام الصدر، تورم الذراعين والقدمين.
أعراض الاعتلال العصبي: تنميل، شعور بحَرَقان أطراف اليدين والقدمين والخَدَر. ",لا تتوفر تقارير عن حالات خطر بالغ إثر تناول جرعة مفرطة. ,إن هذا الدواء خطير جدًّا على حياة الجنين، لذا يُمْنَعُ تناول هذا الدواء أثناء فترة الحمل أو قبل الحمل. (X). ,لا يعطى. الدواء ينتقل الى حليب الام ومن المحتمل ان يؤثر على الطفل. من المفضل عدم تناول الدواء او عدم الارضاع. ,لا ينصح باستعماله لدى الاطفال تحت جيل 12 سنه. ,احتمال كبير لظهور آثار جانبيه. من المحتمل ان تكون هنالك حاجه لتقليل الجرعه المعطاه. ,يجب الامتناع عن السياقه حتى تتضح ماهية تأثير الدواء، حيث من الممكن ان يسبب ضبابية (طمس). ,يجب ابلاغ الطبيب الجراح او الطبيب المخدر عن استعمال هذا الدواء. ,"ضعف
شيوع التاثير: دارج
ابلاغ الطبيب: في الحالات الحادة
صداع
شيوع التاثير: دارج
ابلاغ الطبيب: في الحالات الحادة
غفو
شيوع التاثير: دارج
ابلاغ الطبيب: في الحالات الحادة
الإمساك
شيوع التاثير: دارج
ابلاغ الطبيب: في الحالات الحادة
غثيان
شيوع التاثير: دارج
ابلاغ الطبيب: في الحالات الحادة
قلق
شيوع التاثير: دارج
ابلاغ الطبيب: في الحالات الحادة
ألم في الصدر
شيوع التاثير: نادر
ابلاغ الطبيب: في كل حالة
جفاف الجلد
شيوع التاثير: دارج
ابلاغ الطبيب: في الحالات الحادة
اعراض مشابهه بالانفلونزا (الحمى والسعال والقشعريرة وآلام)
شيوع التاثير: نادر
ابلاغ الطبيب: في كل حالة
الدم في البول
شيوع التاثير: نادر
ابلاغ الطبيب: في كل حالة
عدم انتظام نبضات القلب
شيوع التاثير: نادر
ابلاغ الطبيب: في كل حالة
هبوط ضغط الدم
شيوع التاثير: نادر
ابلاغ الطبيب: في كل حالة
تجلط الدم
شيوع التاثير: نادر
ابلاغ الطبيب: في كل حالة
التوقف عن تناول الدواء
التوجه للمستشفى
تغيرات في تعداد الدم
شيوع التاثير: نادر
ابلاغ الطبيب: في كل حالة
التوقف عن تناول الدواء
وخز أو خدر في الأطراف
شيوع التاثير: نادر
ابلاغ الطبيب: في كل حالة
التوقف عن تناول الدواء
التوجه للمستشفى ضعف
شيوع التاثير: دارج
ابلاغ الطبيب: في الحالات الحادة
صداع
شيوع التاثير: دارج
ابلاغ الطبيب: في الحالات الحادة
غفو
شيوع التاثير: دارج
ابلاغ الطبيب: في الحالات الحادة
الإمساك
شيوع التاثير: دارج
ابلاغ الطبيب: في الحالات الحادة
غثيان
شيوع التاثير: دارج
ابلاغ الطبيب: في الحالات الحادة
قلق
شيوع التاثير: دارج
ابلاغ الطبيب: في الحالات الحادة
ألم في الصدر
شيوع التاثير: نادر
ابلاغ الطبيب: في كل حالة
جفاف الجلد
شيوع التاثير: دارج
ابلاغ الطبيب: في الحالات الحادة
اعراض مشابهه بالانفلونزا (الحمى والسعال والقشعريرة وآلام)
شيوع التاثير: نادر
ابلاغ الطبيب: في كل حالة
الدم في البول
شيوع التاثير: نادر
ابلاغ الطبيب: في كل حالة
عدم انتظام نبضات القلب
شيوع التاثير: نادر
ابلاغ الطبيب: في كل حالة
هبوط ضغط الدم
شيوع التاثير: نادر
ابلاغ الطبيب: في كل حالة
تجلط الدم
شيوع التاثير: نادر
ابلاغ الطبيب: في كل حالة
التوقف عن تناول الدواء
التوجه للمستشفى
تغيرات في تعداد الدم
شيوع التاثير: نادر
ابلاغ الطبيب: في كل حالة
التوقف عن تناول الدواء
وخز أو خدر في الأطراف
شيوع التاثير: نادر
ابلاغ الطبيب: في كل حالة
التوقف عن تناول الدواء
التوجه للمستشفى ",[]
ثلاثي نترات الغليسيريل,Glyceril Trinitrate,بدأ استعمال ثلاثي نِتْرات الغليسيريل (Glyceril Trinitrate) في أواخر سنوات المائة الـ 19. وهو ينتمي لمجموعة الأدوية الموسّعة للأوعية الدموية المسماة نِتْراتات (Nitrates) والتي تستعمل لتخفيف ألم نوبات الذبحة. لا يشفي ثلاثي نترات الغليسيريل مرض القلب؛ ولكنه قادر على التخفيف من الأعراض فقط. تستعمل أحيانًا موسِّعات الأوعية الدموية من عائلة النِّتْراتات لخفض ضغط الدم أثناء الجراحة ولعلاج قصور (فشل) القلب. لثُلاثي نِتْرات الغليسيريل تأثير سريع جدًّا، ولكنه يستمر لفترة زمنية قصيرة. قد يؤدي الدواء للعديد من الأعراض الخفيفة، مثل احمرار الوجه وألم الرأس، والتي يمكن في الغالب التغلب عليها عن طريق ملاءمة الجرعة. من المحبذ  تناول الجرعة الأولى من  ثُلاثي نِتْرات الغليسيريل خلال الجلوس. يمكن حدوث إغماء بسبب هبوط ضغط الدم. يتواجد ثُلاثي نِتْرات الغليسيريل (Glyceril Trinitrate) بشكل مَرْهَم يستعمل لعلاج الشقوق الشرجية (Anal Fissure) المزمنة. ,أقراص مص أو تحت اللسان، حبوب، حقن، مرهم، لاصقات لإدخال عن طريق الجلد، بَخَّاخ. ,"منع نوبات الذبحة: حبوب لإطلاق متأخر – مرتين باليوم. لاصقات لإدخال عن طريق الجلد – مرة باليوم لـ 8 ساعات.
للتخفيف من نوبات الذبحة: يجب استعمال أقراص للمص أو أقراص تحت اللسان مع بدء النوبة أو مباشرة قبل الجهد. يمكن أخذ جرعة إضافية خلال 5 دقائق. ","الكبار : للوقاية من الذبحة الصدرية : أقراص او كبسولات للتخفيف المتأجل: 5 - 30 ملغم لليوم، اقراص للامتصاص او تمسك تحت اللسان: 3 - 15 ملغم لليوم، لاصقات توخز عبر الجلد: 5 - 10 ملغم لليوم. للتخفيف من نوبات الذبحة: 0.3 - 1 ملغم للجرعة, اقراص للامتصاص: 1 - 2 للجرعة. ","أقراص للمص وتحت اللسان: خلال دقائق معدودة.
أقراص لإطلاق متأخر، لاصقات لإدخال عن طريق الجلد ومرهم: 1 - 3 ساعات. ",اقراص تحت اللسان: 20 - 30 دقائق; أقراص للمص او المرهم: 3 - 5 ساعات; أقراص لإطلاق متأخر: 8 - 12 ساعات; لاصقات للإدخال عن طريق الجلد: حتى 24 ساعات. ,بدون تقييدات ,يجب حفظ الأقراص بعبوة محكمة الإغلاق جيدًا مع غطاء معدني يغلق باللولبة، في مكان بارد وجاف، بعيدًا عن متناول أيدي الأطفال. يحفظ بعيدًا عن الضوء. لا يجوز تعريضه للحرارة. يُرْمى بعد 8 أسابيع من فتح العبوة. بالنسبة للمُستحضرات الأخرى – يجب فحص ظروف التخزين الظاهرة على الملصق. ,يجب التناول فورا عند التذكر أو حسب الحاجة. إذا كانت هناك حاجة لأخذ الجرعة التالية خلال ساعتين، خذ جرعة واحدة الآن ولا تأخذ الجرعة التالية. ,لا يجب إيقاف الدواء دون استشارة الطبيب ,لا داعي للقلق من تناول جرعة زائدة عَرَضِيَّة. ولكن في حال ظهور أعراض خاصة، أو إذا أخذت جرعة زائدة  كبيرة، يجب إعلام الطبيب. ,لم يتم تحديد مدى سلامة الدواء في الحمل. يجب استشارة الطبيب. (C) ,الدواء ينتقل الى حليب الام ومن الممكن ان يؤثر على الطفل. يجب استشاره الطبيب. ,لا يعطى عادة. ,من المحتمل ان تكون هنالك حاجه لتقليل الجرعه المعطاه. ,يجب الامتناع عن السياقه حتى تتضح ماهية تأثير الدواء، حيث من الممكن ان يسبب ضبابية (طمس). ,يجب ابلاغ الطبيب الجراح او الطبيب المخدر عن استعمال هذا الدواء. ,"صداع
شيوع التاثير: دارج
ابلاغ الطبيب: في الحالات الحادة
احمرار الوجه
شيوع التاثير: دارج
ابلاغ الطبيب: في الحالات الحادة
دوخة
شيوع التاثير: دارج
ابلاغ الطبيب: في كل حالة
إغماء
شيوع التاثير: نادر
ابلاغ الطبيب: في كل حالة
التوجه للمستشفى صداع
شيوع التاثير: دارج
ابلاغ الطبيب: في الحالات الحادة
احمرار الوجه
شيوع التاثير: دارج
ابلاغ الطبيب: في الحالات الحادة
دوخة
شيوع التاثير: دارج
ابلاغ الطبيب: في كل حالة
إغماء
شيوع التاثير: نادر
ابلاغ الطبيب: في كل حالة
التوجه للمستشفى ",[]
ثنائي الميثيكون,Dimethicone,إن ثنائِيَّ الميثيكون - ديميثيكون (Dimethicone)، هو خليط يحتوي على السيليكون، يستعمل لعلاج الأطفال والبالغين الذين يعانون من فرط الغازات  واضطرابات في المعدة. لم يتم إثبات فائدته، لكن في مرات عديدة يتم إعطاء هذا الدواء مع مضادات الحموضة، أو مواد أخرى لها تأثير على الجهاز الهضمي. يُخَفِّضُ الديميثيكون من التوتّر السطحي لفقاعات الغاز ويسبب انفجارها. بالإضافة إلى ذلك، يُستخدم الديميثيكون كمادة صادّة للماء، وهكذا يحمي الجلد من الرطوبة الدائمة، مثلاً، في المناطق التي تلامس البول بشكلٍ دائم. ,كبسولات، مستحلب. ,"غازات عند الأطفال: 1 - 3 مرات في اليوم، مع الأكل أو بعده.
غازات عند البالغين: 3 مرات في اليوم. مشاكل الجلد: دهون. 1 - 3 مرات في اليوم. ","يرتبط بالمشكلة التي من اجلها يوصى به.
الكبار: حتى 270 ملغم في اليوم ",يبدأ تأثير دواء الميثيكون - ديميثيكون (Dimethicone)، بعد 20 – 40 دقيقة. ,2 - 6 ساعات. ,,يجب حفظ دواء الميثيكون - ديميثيكون (Dimethicone)، في عبوة محكمة الإغلاق في مكان بارد وجاف، بعيدًا عن متناول أيدي الأطفال. ,في حال نسيان الجرعة من دواء الميثيكون - ديميثيكون (Dimethicone)، يجب تناول الجرعة التالية كالمعتاد. ,يمكن التوقف بشكل آمن عن تناول دواء الميثيكون - ديميثيكون (Dimethicone)، عند انتهاء الحاجة إليه. ,لا حاجة للقلق عند تناول جرعة زائدة عَرَضِيَّة من دواء الميثيكون - ديميثيكون (Dimethicone)، لكن إن ظهرت أعراض مميزة، أو إن تم تناول جرعة زائدة كبيرة، يجب إبلاغ الطبيب. , يمكن تناول الجرعة العادية من دواء الميثيكون - ديميثيكون (Dimethicone)، بأمان خلال الحمل. ,مسموح. لا توجد دلائل على وجود خطر على الطفل. ,يجب تقليل وملائمة الجرعه حسب الجيل والوزن. ,لا توجد مشاكل خاصه. ,لا توجد مشاكل معروفه. ,,"الفواق/ الحازوقة
شيوع التاثير: دارج
ابلاغ الطبيب: في الحالات الحادة
خروج الغازات
شيوع التاثير: دارج
ابلاغ الطبيب: في الحالات الحادة الفواق/ الحازوقة
شيوع التاثير: دارج
ابلاغ الطبيب: في الحالات الحادة
خروج الغازات
شيوع التاثير: دارج
ابلاغ الطبيب: في الحالات الحادة ",[]
ثنائي الميثيندين,Dimethindene,"إن ثنائي الميثيندين (Dimethindene) هو دواء مضاد للهيستامين من الجيل الأول الذي يستعمل لعلاج حالات التحسس وللتخفيف من الحكة عن طريق سد مستقبلات H1.  يتوفر هذا الدواء في الأسواق بأشكال عديدة: مثل الهلام (فينيستيل جيل - FENISTIL GEL) أو المستحلب (فينيستيل رول أون - FENISTILRoll - On) للتدهين على الجلد أو كأقراص، كبسولات، أو قطرات للفم.
إن هدف العلاجات التي تستعمل للاستخدامات الخارجية هو تخفيف معاناة المريض من حالات الطفح الجلدي، الحكة، الحروق ولسع الحشرات، بينما العلاجات التي يتم تناولها عبر الفم تستعمل لتخفيف علامات فرط التحسُّس مثل حُمَّى الكلأ (Hay Fever)، حساسية الأنف (Rhinitis) والطَّفَح الجلدي (Rash). كما أن هذه العلاجات التي يتم تناولها عبر الفم تحتاج لمصادقة الطبيب، بينما العلاجات الخارجية يمكن شراؤها من دون استشارة الطبيب، لكن من غير المحبذ استعمالها على مساحة واسعة من الجلد أو على الجروح أو الجلد الملتهب. إن أقراص الدواء معدة للاستخدام لعمر 12 سنة فما فوق، بينما يتم استعمال القطرات للأطفال من عمر شهر واحد، لكن يجب الحذر من استخدام القطرات للأطفال بعمر أقل من سنة بسبب خطورة توقف التنفس أثناء النوم. كما ويتوفر ثنائي الميثيندين بمزيج مع الفينيليفرين (Phenylephrine) بمجموعة من العلاجات الموضعية التي تستعمل لتخفيف شدة المرض بحالات حساسية الأنف وحكة الأنف والعطس وحالات انسداد الأنف. إن هذا الدواء، كما هو الحال مع باقي مضادات الهيستامين من الجيل الأول، قد يؤثر على الجهاز العصبي المركزي، والتي تظهر على شكل تشوّش وتضرر التنبَّه. كما تشمل الآثار الجانبية الأخرى جفاف الفم، تشوّش الرؤية واحتباس البول.    ",أقراص مغلفة، كبسولات، قطرات للفم، هُلام ومستحلب للتدهين. ,"الهُلام والمستحلب: 2 - 4 مرات باليوم.
الأقراص، الكبسولات والقطرات: 3 مرات باليوم. ","أقراص مغطاة: لمن تزيد أعمارهم عن 12 سنة: 1 - 2 قرصين 3 مرات باليوم.
القطرات: (0.1 ملغرام لكل 1 كيلوغرام من وزن الطفل).
جيل شهر حتى سنة: 3 - 10 قطرات.
عمر 1 - 3 سنوات: 10 - 15 قطرة.
جيل 3 - 12 سنة: 15 - 20 قطرة.
فوق 12 سنة: 20 - 40 قطرة 3 مرات باليوم. ","عبر الفم: خلال 30 دقيقة. (تأثير القطرات أسرع من الأقراص)
الاستعمال الخارجي: خلال بضع دقائق. ",8 - 10 ساعات. ,لا يوجد تقييدات. ,,يجب تناول الجرعة المنسية فورًا في حال التذكر. إذا اقترب موعد الجرعة التالية، يجب عدم تناول الجرعة المنسية وإكمال العلاج كالمعتاد. ,يمكن التوقف بأمان عن تناول الدواء، عندما لا يشعر المريض بالحاجة للدواء. ,من المرجح أن جرعة زائدة لن تسبب أي مشاكل للمريض. في حال الشعور بالتعب أو النعاس، أو إذا تم تناول جرعة كبيرة يجب إعلام الطبيب. ,لم يتم في الأبحاث التي أجريت على الحيوانات، اكتشاف أي عيوب خلقية في أجنتها، ولكن مع ذلك، لا تتوفر معلومات كافية حول تأثير هذا الدواء على البشر. لذا من الممكن استعمال هذه العلاجات أثناء فترة الحمل، فقط إذا كان استخدامها ضروريًّا. (B) ,لم يثبت ان استعمال الدواء آمن للمرضعات. لا ينصح بتناوله. ,لا ينصح باستعماله عند الاطفال حتى جيل شهر. ,لا توجد مشاكل خاصه. ,من المفضل عدم السياقه، حيث ان الدواء يمكن أن يسبب دوار (دوخه). ,يجب ابلاغ الطبيب الجراح او الطبيب المخدر عن استعمال هذا الدواء. ,"تعب
شيوع التاثير: دارج
ابلاغ الطبيب: في الحالات الحادة
عدم وضوح الرؤية
شيوع التاثير: دارج
ابلاغ الطبيب: في الحالات الحادة
ألم في البطن
شيوع التاثير: دارج
ابلاغ الطبيب: في الحالات الحادة
تغيرات في الشهية
شيوع التاثير: دارج
ابلاغ الطبيب: في الحالات الحادة
العصبية / الاضطراب
شيوع التاثير: دارج
ابلاغ الطبيب: في الحالات الحادة
الحساسية للضوء
شيوع التاثير: دارج
ابلاغ الطبيب: في الحالات الحادة
صعوبة في التبول
شيوع التاثير: دارج
ابلاغ الطبيب: في الحالات الحادة
جفاف الفم
شيوع التاثير: دارج
ابلاغ الطبيب: في الحالات الحادة
دوخة
شيوع التاثير: دارج
ابلاغ الطبيب: في كل حالة
عدم انتظام نبضات القلب
شيوع التاثير: دارج
ابلاغ الطبيب: في كل حالة
التوقف عن تناول الدواء
ارتباك
شيوع التاثير: نادر
ابلاغ الطبيب: في كل حالة
التوقف عن تناول الدواء
طفح جلدي
شيوع التاثير: نادر
ابلاغ الطبيب: في كل حالة
التوقف عن تناول الدواء
حرارة
شيوع التاثير: نادر
ابلاغ الطبيب: في كل حالة
التوقف عن تناول الدواء
احتقان في الحلق
شيوع التاثير: نادر
ابلاغ الطبيب: في كل حالة
التوقف عن تناول الدواء تعب
شيوع التاثير: دارج
ابلاغ الطبيب: في الحالات الحادة
عدم وضوح الرؤية
شيوع التاثير: دارج
ابلاغ الطبيب: في الحالات الحادة
ألم في البطن
شيوع التاثير: دارج
ابلاغ الطبيب: في الحالات الحادة
تغيرات في الشهية
شيوع التاثير: دارج
ابلاغ الطبيب: في الحالات الحادة
العصبية / الاضطراب
شيوع التاثير: دارج
ابلاغ الطبيب: في الحالات الحادة
الحساسية للضوء
شيوع التاثير: دارج
ابلاغ الطبيب: في الحالات الحادة
صعوبة في التبول
شيوع التاثير: دارج
ابلاغ الطبيب: في الحالات الحادة
جفاف الفم
شيوع التاثير: دارج
ابلاغ الطبيب: في الحالات الحادة
دوخة
شيوع التاثير: دارج
ابلاغ الطبيب: في كل حالة
عدم انتظام نبضات القلب
شيوع التاثير: دارج
ابلاغ الطبيب: في كل حالة
التوقف عن تناول الدواء
ارتباك
شيوع التاثير: نادر
ابلاغ الطبيب: في كل حالة
التوقف عن تناول الدواء
طفح جلدي
شيوع التاثير: نادر
ابلاغ الطبيب: في كل حالة
التوقف عن تناول الدواء
حرارة
شيوع التاثير: نادر
ابلاغ الطبيب: في كل حالة
التوقف عن تناول الدواء
احتقان في الحلق
شيوع التاثير: نادر
ابلاغ الطبيب: في كل حالة
التوقف عن تناول الدواء ","['فينيستيل', 'فنيستيل', 'جل', 'فينيستيل', '-', 'فنيستيل', 'فينستيل']"
ثيروتروبين ألفا,Thyrotropin alfa,ثيروتروبين ألفا (Thyrotropin alfa) هو هرمون مأشوب يُنْتَج في المختبرات بـأساليب الهندسة الوراثية، وهو يشبه الهرمون المحفّز للغدة الدرقية (TSH) الذي يتم انتاجه بشكل طبيعي في الجسم. يساهم الثيروتروبين ألفا (Thyrotropin alfa) في متابعة حالة مرضى سرطان الدرقية الذين خضعوا لعملية إستئصال وعلاج باليود المُشٍعّ والمرضى الذين يتم علاجهم بهرمون الثيرويد المُصنّع، الليفوثيروكسين (Levothyroxine) والذي يستعمل لموازنة الهرمونات. لمتابعة هذه الحالات يتم فحص مستوى الغلوبين الدَّرَقي (Thyroglobulin - Tg) في الدم وأحياناً قد يتم إجراء تصوير تخطيطي شامل للجسم بواسطة اليود المشعّ. لمتابعة ناجعة للعلاج، يتوجب إيقاف العلاج بهرمون الثيرويد (الدرقي) بعد 4 - 6 أسابيع من العلاج، الأمر الذي يزيد من خطر حدوث نقص الثيرويد، إلا أن تناول الثيروتروبتين ألفا يرفع من مستوى الـ TSH فور تلقي الحقنة دون الحاجة لإيقاف علاج هرمون الثيرويد. يمّكن ارتفاع مستوى الـ TSH من امتصاص أكبر لليود في خلايا نسيج الثيريويد وإفراز التيروغلوبين (الغلوبين الدرقي).  يمكن إجراء فحص التيروغلوبين والتخطيط الشامل للجسم دون إيقاف العلاج بهرمون الثيرويد.  التأثيرات الجانبية للعلاج قليلة وتشمل الغثيان، التقيؤ، الصداع والضعف. ,الدواء معد للحقن في عضلة المؤخرة. ,حقنتين مع الحفاظ على فاصل زمني لمدة 24 ساعة بين كل حقنة وأخرى. من أجل الوصول لمستوى TSH المرتفع المطلوب لإجراء فحص المتابعة الطبية. ,"حقنتين كل واحدة تحتوي على 0.9 مليغرام والتي يتم إعطاؤهما بفاصل زمني يبلغ الـ 24 ساعة.
عند إجراء تصوير تخطيطي شامل للجسم, يتم إعطاء يود مُشِع (بعد مرور 24 ساعة على تناول حقنة الثيروتروبين ألفا الثانية).
فحص دم للتيروغلوبين وكذلك فحص شامل لكل الجسم (72 ساعة بعد حقنة الثيروتروبين ألفا الثانية). ",يصل مستوى تركيز الدواء في الدم إلى أقصى مستوياته بعد مرور 10 ساعات على تلقي الحقنة. ,يستمر تأُثير فعالية الجرعة الواحدة لمدة 25 ساعة بالمعدل. ,لا توجد تقييدات. ,,من غير الوارد أن يتم نسيان تناول الدواء إذ أن الدواء يتم إعطاؤه تحت الإشراف الطبي. ,يتم إيقاف العلاج عند ظهور تأثيرات أرْجيَّة للدواء. ,"من العلامات التي قد تشير إلى تَلَقّي جرعة مفرطة: آلام في الصدر, الدُّوار, الصداع, هبات الحرارة, عدم انتظام سرعة نبض القلب, الغثيان, العَصَبِيّة. صعوبة في التَنَفُّس, تَعَرُّق والضعف. يتوجب عندها التوجه لتلقي مساعدة طبية. ","أظهرت الأبحاث التي تم إجراؤها على الحيوانات, وجود ظواهر غير مرغوب بها,
إلا أنه لم يتم اختبار تأثير هذا الدواء لدى النساء الحوامل, لذا لا يُنصح بإستعمال هذا الدواء. يتوجب مقارنة الفائدة العلاجية المرجوّة من إستعمال هذا الدواء والخطر الذي قد يلحق بالجنين جراء استعمال الدواء. (C) ",لم يثبت ان استعمال الدواء آمن للمرضعات. لا ينصح بتناوله. ,لم يحدد مدى سلامة الاستعمال لدى الاولاد تحت جيل 16 سنة. يجب استشاره الطبيب. ,لا توجد مشاكل خاصه. ,لا توجد مشاكل معروفه. ,يجب ابلاغ الطبيب الجراح او الطبيب المخدر عن استعمال هذا الدواء. ,"الغثيان أو القيء
شيوع التاثير: دارج
ابلاغ الطبيب: في الحالات الحادة
صداع
شيوع التاثير: دارج
ابلاغ الطبيب: في الحالات الحادة
ضعف
شيوع التاثير: دارج
ابلاغ الطبيب: في الحالات الحادة
تهيج في موضع الحقن
شيوع التاثير: نادر
ابلاغ الطبيب: في الحالات الحادة
عدم انتظام نبضات القلب
شيوع التاثير: نادر
ابلاغ الطبيب: في كل حالة
عرق
شيوع التاثير: نادر
ابلاغ الطبيب: في كل حالة
العصبية / الاضطراب
شيوع التاثير: نادر
ابلاغ الطبيب: في كل حالة الغثيان أو القيء
شيوع التاثير: دارج
ابلاغ الطبيب: في الحالات الحادة
صداع
شيوع التاثير: دارج
ابلاغ الطبيب: في الحالات الحادة
ضعف
شيوع التاثير: دارج
ابلاغ الطبيب: في الحالات الحادة
تهيج في موضع الحقن
شيوع التاثير: نادر
ابلاغ الطبيب: في الحالات الحادة
عدم انتظام نبضات القلب
شيوع التاثير: نادر
ابلاغ الطبيب: في كل حالة
عرق
شيوع التاثير: نادر
ابلاغ الطبيب: في كل حالة
العصبية / الاضطراب
شيوع التاثير: نادر
ابلاغ الطبيب: في كل حالة ",[]
ثيروتروبين ألفا,Thyrotropin alfa,ثيروتروبين ألفا (Thyrotropin alfa) هو هرمون مأشوب يُنْتَج في المختبرات بـأساليب الهندسة الوراثية، وهو يشبه الهرمون المحفّز للغدة الدرقية (TSH) الذي يتم انتاجه بشكل طبيعي في الجسم. يساهم الثيروتروبين ألفا (Thyrotropin alfa) في متابعة حالة مرضى سرطان الدرقية الذين خضعوا لعملية إستئصال وعلاج باليود المُشٍعّ والمرضى الذين يتم علاجهم بهرمون الثيرويد المُصنّع، الليفوثيروكسين (Levothyroxine) والذي يستعمل لموازنة الهرمونات. لمتابعة هذه الحالات يتم فحص مستوى الغلوبين الدَّرَقي (Thyroglobulin - Tg) في الدم وأحياناً قد يتم إجراء تصوير تخطيطي شامل للجسم بواسطة اليود المشعّ. لمتابعة ناجعة للعلاج، يتوجب إيقاف العلاج بهرمون الثيرويد (الدرقي) بعد 4 - 6 أسابيع من العلاج، الأمر الذي يزيد من خطر حدوث نقص الثيرويد، إلا أن تناول الثيروتروبتين ألفا يرفع من مستوى الـ TSH فور تلقي الحقنة دون الحاجة لإيقاف علاج هرمون الثيرويد. يمّكن ارتفاع مستوى الـ TSH من امتصاص أكبر لليود في خلايا نسيج الثيريويد وإفراز التيروغلوبين (الغلوبين الدرقي).  يمكن إجراء فحص التيروغلوبين والتخطيط الشامل للجسم دون إيقاف العلاج بهرمون الثيرويد.  التأثيرات الجانبية للعلاج قليلة وتشمل الغثيان، التقيؤ، الصداع والضعف. ,الدواء معد للحقن في عضلة المؤخرة. ,حقنتين مع الحفاظ على فاصل زمني لمدة 24 ساعة بين كل حقنة وأخرى. من أجل الوصول لمستوى TSH المرتفع المطلوب لإجراء فحص المتابعة الطبية. ,"حقنتين كل واحدة تحتوي على 0.9 مليغرام والتي يتم إعطاؤهما بفاصل زمني يبلغ الـ 24 ساعة.
عند إجراء تصوير تخطيطي شامل للجسم, يتم إعطاء يود مُشِع (بعد مرور 24 ساعة على تناول حقنة الثيروتروبين ألفا الثانية).
فحص دم للتيروغلوبين وكذلك فحص شامل لكل الجسم (72 ساعة بعد حقنة الثيروتروبين ألفا الثانية). ",يصل مستوى تركيز الدواء في الدم إلى أقصى مستوياته بعد مرور 10 ساعات على تلقي الحقنة. ,يستمر تأُثير فعالية الجرعة الواحدة لمدة 25 ساعة بالمعدل. ,لا توجد تقييدات. ,,من غير الوارد أن يتم نسيان تناول الدواء إذ أن الدواء يتم إعطاؤه تحت الإشراف الطبي. ,يتم إيقاف العلاج عند ظهور تأثيرات أرْجيَّة للدواء. ,"من العلامات التي قد تشير إلى تَلَقّي جرعة مفرطة: آلام في الصدر, الدُّوار, الصداع, هبات الحرارة, عدم انتظام سرعة نبض القلب, الغثيان, العَصَبِيّة. صعوبة في التَنَفُّس, تَعَرُّق والضعف. يتوجب عندها التوجه لتلقي مساعدة طبية. ","أظهرت الأبحاث التي تم إجراؤها على الحيوانات, وجود ظواهر غير مرغوب بها,
إلا أنه لم يتم اختبار تأثير هذا الدواء لدى النساء الحوامل, لذا لا يُنصح بإستعمال هذا الدواء. يتوجب مقارنة الفائدة العلاجية المرجوّة من إستعمال هذا الدواء والخطر الذي قد يلحق بالجنين جراء استعمال الدواء. (C) ",لم يثبت ان استعمال الدواء آمن للمرضعات. لا ينصح بتناوله. ,لم يحدد مدى سلامة الاستعمال لدى الاولاد تحت جيل 16 سنة. يجب استشاره الطبيب. ,لا توجد مشاكل خاصه. ,لا توجد مشاكل معروفه. ,يجب ابلاغ الطبيب الجراح او الطبيب المخدر عن استعمال هذا الدواء. ,"الغثيان أو القيء
شيوع التاثير: دارج
ابلاغ الطبيب: في الحالات الحادة
صداع
شيوع التاثير: دارج
ابلاغ الطبيب: في الحالات الحادة
ضعف
شيوع التاثير: دارج
ابلاغ الطبيب: في الحالات الحادة
تهيج في موضع الحقن
شيوع التاثير: نادر
ابلاغ الطبيب: في الحالات الحادة
عدم انتظام نبضات القلب
شيوع التاثير: نادر
ابلاغ الطبيب: في كل حالة
عرق
شيوع التاثير: نادر
ابلاغ الطبيب: في كل حالة
العصبية / الاضطراب
شيوع التاثير: نادر
ابلاغ الطبيب: في كل حالة الغثيان أو القيء
شيوع التاثير: دارج
ابلاغ الطبيب: في الحالات الحادة
صداع
شيوع التاثير: دارج
ابلاغ الطبيب: في الحالات الحادة
ضعف
شيوع التاثير: دارج
ابلاغ الطبيب: في الحالات الحادة
تهيج في موضع الحقن
شيوع التاثير: نادر
ابلاغ الطبيب: في الحالات الحادة
عدم انتظام نبضات القلب
شيوع التاثير: نادر
ابلاغ الطبيب: في كل حالة
عرق
شيوع التاثير: نادر
ابلاغ الطبيب: في كل حالة
العصبية / الاضطراب
شيوع التاثير: نادر
ابلاغ الطبيب: في كل حالة ",[]
كلوربرومازين,Chlorpromazine,كلوربرومازين (Chlorpromazine) معروف من بداية خمسينات القرن الماضي، وهو الدواء مضاد - الذُّهان (Antipsychotic) الأول الذي وُضع حيز الاستعمال. هذا الدواء ما زال اليوم أيضًا، أحد الأدوية الأساسية بهذه المجموعة، وهو فعال بقَمْع الذهان، الحد من العدوانية وبتأثيرها المهدّئ.    يستعملون الكلوربرومازين لعلاج الفُصام (Schizophrenia)، الهَوَس (Mania)، الخَرَف (Dementia) وحالات أخرى المنعكسة باضطرابات تصرّفية، عدوانية وارتباك، إذ أن هناك حاجة لدرجة معينة من التهدئة. هذا الدواء لا يعالج المرض، إنما يقلل من أعراض الضائقة.   استعمال آخر للكلوربرومازين هو بعلاج الغثيان والتقيؤ، وخاصة تلك التي يسببها علاج دوائي أو إشعاعي، أو كنتيجة لتخدير عام. النقص الأساسي لاستعمال هذا الدواء هو آثاره الجانبية.   ,أقراص، حقن. ,1 – 4 مرّات باليوم ,"لدى الكبار: الذُّهان والخَرَف: 75 – 800 ملغم لليوم. بالإمكان تكبير الجرعة في حال مرض خطير.
              الغثيان والتقيؤ: 25 – 150 ملغم لليوم. ","عن طريق الفم: 30 – 60 دقيقة؛
حقن: 15 – 20 دقيقة. ",عن طريق الفم وبالحقن:10 - 12 ساعة؛ من الممكن أن يستمر تأثير جزئي حتى 3 أسابيع عند إيقاف الدواء بعد استعمال منتظم. ,لا توجد قيود ,يُحفظ بعبوة محكمة الإغلاق بمكان بارد وجاف، بعيدًا عن متناول أيدي الأولاد. يحفظ بعيدًا عن الضوء. ,يجب تناوله مباشرة عند التذكّر. إذا كانت هناك حاجة لتناول الجرعة التالية خلال ساعتين، يجب أن لا تُؤخذ الجرعة التي نُسيت. خذ الجرعة التالية بوقتها. ,لا يجب إيقاف الدواء بدون استشارة الطبيب، بإمكان الأعراض أن تعود. ,على الأرجح أن جرعة زائدة عَرَضِيَّة لن تسبب مشاكل. جرعات زائدة كبيرة من الممكن أن تسبّب نعاسًا غير عادي، إغماءً، ضعف العضلات وحساسية. يجب إعلام الطبيب. ,لم يتم تحديد سلامة الدواء على الحمل. ينتقل الدواء عبر المشيمة. غالبية الأبحاث أثبتت أن الدواء آمن للأم وللجنين بحالة استعمال جرعات قليلة بفترة الحمل. يجب استشارة الطبيب (C). ,الدواء ينتقل الى حليب الام ومن الممكن ان يؤثر على الطفل. يجب استشاره الطبيب. ,لا ينصح باستعماله تحت جيل سنتين، الا بتوصيه من الطبيب. ,احتمال كبير لظهور آثار جانبيه. من المحتمل ان تكون هنالك حاجه لتقليل الجرعه المعطاه. ,يجب الامتناع عن السياقه حتى تتضح ماهية تأثير الدواء، حيث من الممكن ان يسبب ضبابية (طمس). ,يجب ابلاغ الطبيب الجراح او الطبيب المخدر عن استعمال هذا الدواء. ,"غيبوبة
شيوع التاثير: دارج
ابلاغ الطبيب: في الحالات الحادة
تعب
شيوع التاثير: دارج
ابلاغ الطبيب: في الحالات الحادة
زيادة الوزن
شيوع التاثير: دارج
ابلاغ الطبيب: في الحالات الحادة
عدم وضوح الرؤية
شيوع التاثير: دارج
ابلاغ الطبيب: في كل حالة
دوخة
شيوع التاثير: دارج
ابلاغ الطبيب: في كل حالة
التوقف عن تناول الدواء
إغماء
شيوع التاثير: دارج
ابلاغ الطبيب: في كل حالة
التوقف عن تناول الدواء
باركنسونية/ رعشة
شيوع التاثير: دارج
ابلاغ الطبيب: في كل حالة
عدم انتظام الحيض
شيوع التاثير: نادر
ابلاغ الطبيب: في كل حالة
طفح جلدي
شيوع التاثير: نادر
ابلاغ الطبيب: في كل حالة
التوقف عن تناول الدواء
اليرقان
شيوع التاثير: دارج
ابلاغ الطبيب: في كل حالة
التوقف عن تناول الدواء
ضعف جنسي
شيوع التاثير: دارج
ابلاغ الطبيب: في كل حالة غيبوبة
شيوع التاثير: دارج
ابلاغ الطبيب: في الحالات الحادة
تعب
شيوع التاثير: دارج
ابلاغ الطبيب: في الحالات الحادة
زيادة الوزن
شيوع التاثير: دارج
ابلاغ الطبيب: في الحالات الحادة
عدم وضوح الرؤية
شيوع التاثير: دارج
ابلاغ الطبيب: في كل حالة
دوخة
شيوع التاثير: دارج
ابلاغ الطبيب: في كل حالة
التوقف عن تناول الدواء
إغماء
شيوع التاثير: دارج
ابلاغ الطبيب: في كل حالة
التوقف عن تناول الدواء
باركنسونية/ رعشة
شيوع التاثير: دارج
ابلاغ الطبيب: في كل حالة
عدم انتظام الحيض
شيوع التاثير: نادر
ابلاغ الطبيب: في كل حالة
طفح جلدي
شيوع التاثير: نادر
ابلاغ الطبيب: في كل حالة
التوقف عن تناول الدواء
اليرقان
شيوع التاثير: دارج
ابلاغ الطبيب: في كل حالة
التوقف عن تناول الدواء
ضعف جنسي
شيوع التاثير: دارج
ابلاغ الطبيب: في كل حالة ",[]
كلورثاليدون,Chlorthalidone,كلورثاليدون (Chlorthalidone)، المُستعمل منذ 1960، تابع لمجموعة الأدوية المتغيرة من نوع ثيازيد (Thiazide). هذا الأدوية تزيل فائض الماء من الجسم وتقلل الوَذَمَة (Edema - احتباس السوائل) لدى أناس يعانون من وفرة فشل القلب، أمراض الكُلى والتليّف الكبدي. في كثير من الأحيان يستعملون الكلورثاليدون لعلاج ارتفاع ضغط الدم، ولأن هذا الدواء يقلّل من كمية الكالسيوم بالبول، يستعملونه أحيانًا لمنع تكرار أنواع معينة من حصى الكُلى.    للكلورثاليدون فعالية دائمة أكثر من تلك التي لثيازيدات عديدة، ولكن هذا الدواء يزيد من خسارة البوتاسيوم وأملاح أخرى بالبول. هذا الأمر بإمكانه أن يسبّب لعدة عوارض وأن يزيد الخطورة لاضطرابات ضربات القلب، خاصةً لدى أناس يتناولون أدوية مثل الديجوكسين (Digoxin). لهذا السبب يُعطى عادةً إضافات بوتاسيوم مع الكلورثاليدون.    ,أقراص ,مرة باليوم. في الصباح، أو حسب تعليمات الطبيب. ,الكبار: 25 - 100 ملغم لليوم، أو بحسب تعليمات الطبيب. ,خلال ساعتين ,60 ساعة. ,استعمال هذا الدواء بإمكانه تقليل كمية البوتاسيوم بالجسم. يجب الإكثار من تناول الخضار والفواكه الطازجة. يجب استشارة الطبيب بما يتعلق بتخفيض استهلاك الملح. ,يجب الحفظ بعبوة محكمة الإغلاق بمكان بارد وجاف، بعيدًا عن متناول أيدي الأطفال ,لا داعي للقلق، ولكن يجب أخذ الدواء حالاً عند التذكّر. ,ممنوع إيقاف الدواء من دون استشارة الطبيب، بإمكان الأعراض أن تعود. ,جرعة زائدة عَرَضِيَّة لا يجب أن تُقلق. ولكن إذا لوحظت أعراض خاصة، أو إذا اُخِذت جرعة زائدة كبيرة، يجب إعلام الطبيب. ,بالإمكان تناوله عند الحاجة. من المحبّذ تتبّع الظواهر الجانبية التي بإمكانها الحدوث كنتيجة استعمال ثيازيدات في فترة الحمل. سُجِّلت حالات فيها سبّب الثيازيد فيها مضاعفات لدى الأم، مثل خلل توازن الكهارل (Electrolyte imbalance) وانخفاض مستوى السكر بالدم، وكذلك مضاعفات لدى الجنين وحتى موت الجنين. (B) ,ينتقل الدواء الى حليب الام، إلا أنه عند تناول الجرعات العادية فمن غير المفروض ان تكون هناك تاثيرات سلبيه على الاطفال ,لا يعطى عادة. ,احتمال كبير لظهور آثار جانبيه. من المحتمل ان تكون هنالك حاجه لتقليل الجرعه المعطاه. ,لا توجد مشاكل معروفه. ,يجب ابلاغ الطبيب الجراح او الطبيب المخدر عن استعمال هذا الدواء. ,"تعب
شيوع التاثير: نادر
ابلاغ الطبيب: في الحالات الحادة
دوخة
شيوع التاثير: نادر
ابلاغ الطبيب: في الحالات الحادة
طفح جلدي
شيوع التاثير: نادر
ابلاغ الطبيب: في الحالات الحادة
التوقف عن تناول الدواء
اضطرابات الجهاز الهضمي
شيوع التاثير: نادر
ابلاغ الطبيب: في الحالات الحادة
عجز جنسي مؤقت
شيوع التاثير: نادر
ابلاغ الطبيب: في الحالات الحادة تعب
شيوع التاثير: نادر
ابلاغ الطبيب: في الحالات الحادة
دوخة
شيوع التاثير: نادر
ابلاغ الطبيب: في الحالات الحادة
طفح جلدي
شيوع التاثير: نادر
ابلاغ الطبيب: في الحالات الحادة
التوقف عن تناول الدواء
اضطرابات الجهاز الهضمي
شيوع التاثير: نادر
ابلاغ الطبيب: في الحالات الحادة
عجز جنسي مؤقت
شيوع التاثير: نادر
ابلاغ الطبيب: في الحالات الحادة ","['تينوريتيك', 'هيجروتون']"
